hand,1_win,2_win,3_win,4_win,5_win,6_win,7_win,8_win,9_win,1_tie,2_tie,3_tie,4_tie,5_tie,6_tie,7_tie,8_tie,9_tie
AAo,0.8493351936340332,0.732083261013031,0.6360993981361389,0.5564618706703186,0.4896424412727356,0.4331477880477905,0.3850662112236023,0.343962162733078,0.30871763825416565,0.002714598085731268,0.0022983932867646217,0.0022280702833086252,0.002232254482805729,0.0022444825153797865,0.002240456873551011,0.0022221701219677925,0.0021859940607100725,0.0021364958956837654
AKs,0.6622280478477478,0.4983755946159363,0.4053168296813965,0.34511157870292664,0.30177322030067444,0.2681705951690674,0.24078722298145294,0.2178315669298172,0.19826123118400574,0.008248092606663704,0.008863196708261967,0.008954075165092945,0.008912910707294941,0.008854891173541546,0.0087997205555439,0.008748427964746952,0.008695702068507671,0.00862930715084076
AQs,0.6531481742858887,0.48415887355804443,0.3882044553756714,0.32655826210975647,0.2827785611152649,0.24944648146629333,0.2228260040283203,0.20094281435012817,0.18264098465442657,0.008944985456764698,0.010003522038459778,0.010324421338737011,0.01038137637078762,0.01033720187842846,0.010246296413242817,0.010120482183992863,0.009967846795916557,0.009792628698050976
AJs,0.6439904570579529,0.47061339020729065,0.37278109788894653,0.3105872571468353,0.26701804995536804,0.23431764543056488,0.2086205929517746,0.18780125677585602,0.17065301537513733,0.009953322820365429,0.011357614770531654,0.011772314086556435,0.011839466169476509,0.011776326224207878,0.011643861420452595,0.01146246213465929,0.011241918429732323,0.010983550921082497
ATs,0.6349000334739685,0.45788222551345825,0.3589692711830139,0.29686638712882996,0.25390708446502686,0.22207465767860413,0.19733621180057526,0.17751412093639374,0.16133852303028107,0.011137356050312519,0.01281609758734703,0.013231086544692516,0.01324897725135088,0.013147254474461079,0.012982345186173916,0.012764311395585537,0.01250117365270853,0.012189943343400955
A9s,0.6150855422019958,0.43108931183815,0.33059561252593994,0.2691122889518738,0.22757799923419952,0.19745488464832306,0.17447541654109955,0.1563691943883896,0.14179633557796478,0.012715619057416916,0.014419861137866974,0.014472788199782372,0.014109428972005844,0.013687617145478725,0.013262597844004631,0.012829584069550037,0.012386222369968891,0.0119166886433959
A8s,0.6051072478294373,0.4189857244491577,0.3187122642993927,0.2579517364501953,0.21730028092861176,0.18806511163711548,0.16595081984996796,0.14867189526557922,0.1348741054534912,0.01435580849647522,0.016150105744600296,0.016040893271565437,0.015523530542850494,0.01496834959834814,0.014429394155740738,0.013886937871575356,0.013324800878763199,0.012738902121782303
A7s,0.5938359498977661,0.4062325060367584,0.3068106174468994,0.2473563849925995,0.2079947292804718,0.1799100935459137,0.1588066667318344,0.14240233600139618,0.12936942279338837,0.01597115397453308,0.017609937116503716,0.017234036698937416,0.016545996069908142,0.01589388959109783,0.015287734568119049,0.014681399799883366,0.014057829044759274,0.013406980782747269
A6s,0.5818098187446594,0.3930526673793793,0.2950049638748169,0.23734651505947113,0.19963708519935608,0.1729613095521927,0.15303783118724823,0.13760939240455627,0.1253664791584015,0.017266588285565376,0.01857239194214344,0.0178877841681242,0.017055178061127663,0.01635574921965599,0.015739139169454575,0.015132787637412548,0.014499545097351074,0.013834107667207718
A5s,0.5806291699409485,0.39458855986595154,0.29851073026657104,0.24188074469566345,0.20461302995681763,0.17802946269512177,0.15801316499710083,0.1423954963684082,0.12991106510162354,0.018582867458462715,0.019741129130125046,0.01890249364078045,0.01799606718122959,0.017250612378120422,0.016598500311374664,0.015952154994010925,0.015275397337973118,0.014562197960913181
A4s,0.5713967084884644,0.3854462802410126,0.29099562764167786,0.2359633594751358,0.19999784231185913,0.174453005194664,0.15524213016033173,0.1402723640203476,0.12831369042396545,0.01895313151180744,0.019779086112976074,0.01867859996855259,0.017603348940610886,0.016738789156079292,0.015996837988495827,0.015280341729521751,0.014545882120728493,0.013788104057312012
A3s,0.563364565372467,0.3772681653499603,0.2841570973396301,0.23056717216968536,0.19581210613250732,0.17122532427310944,0.15275560319423676,0.13833782076835632,0.12680219113826752,0.01884514093399048,0.019428880885243416,0.01816241629421711,0.016961969435214996,0.01600313000380993,0.015181469731032848,0.0144035117700696,0.013626530766487122,0.01284018438309431
A2s,0.5550705194473267,0.3685745894908905,0.276679664850235,0.22439676523208618,0.1907401978969574,0.1669795960187912,0.14914533495903015,0.13519296050071716,0.12400279939174652,0.018723296001553535,0.01908542774617672,0.01765536330640316,0.01633627712726593,0.015280991792678833,0.014383682981133461,0.013544264249503613,0.012722586281597614,0.011907899752259254
KAo,0.6447227001190186,0.4728755056858063,0.3760356605052948,0.3138226866722107,0.2692409157752991,0.234762042760849,0.2067071497440338,0.18321028351783752,0.16319048404693604,0.00850475113838911,0.009247837588191032,0.009351110085844994,0.009297327138483524,0.00922301597893238,0.00915085431188345,0.009084261953830719,0.009016871452331543,0.008936937898397446
KKo,0.8212096095085144,0.6863594651222229,0.5801721215248108,0.4954802989959717,0.4272518455982208,0.37183845043182373,0.3265174627304077,0.28919246792793274,0.2583322525024414,0.0027849655598402023,0.0023632009979337454,0.0023195059038698673,0.00237451889552176,0.0024465681053698063,0.0025133241433650255,0.002565117087215185,0.002601312706246972,0.0026221759617328644
KQs,0.6241134405136108,0.4609528183937073,0.37214145064353943,0.3150390386581421,0.2737625539302826,0.24177493155002594,0.21598409116268158,0.19467128813266754,0.17684920132160187,0.0099214818328619,0.00994365569204092,0.009810849092900753,0.009725592099130154,0.009677249938249588,0.009642074815928936,0.009597537107765675,0.009538771584630013,0.009460343979299068
KJs,0.6147992014884949,0.4475654065608978,0.35707205533981323,0.2995167672634125,0.25856223702430725,0.22732767462730408,0.20254476368427277,0.18239720165729523,0.16580475866794586,0.010911792516708374,0.011233539320528507,0.01115912850946188,0.011064844205975533,0.010985520668327808,0.010917069390416145,0.010827810503542423,0.010709637776017189,0.010567503049969673
KTs,0.6058973670005798,0.43534302711486816,0.3439106345176697,0.2864457368850708,0.24611911177635193,0.21577614545822144,0.19198766350746155,0.17288382351398468,0.1572963148355484,0.012017080560326576,0.012527442537248135,0.012433336116373539,0.012309826910495758,0.012213239446282387,0.012133056297898293,0.012023858726024628,0.011876937933266163,0.011695501394569874
K9s,0.586362898349762,0.40910038352012634,0.3161347508430481,0.2592160701751709,0.2201923131942749,0.1914377510547638,0.1692976951599121,0.15175963938236237,0.13759629428386688,0.013506466522812843,0.013843324966728687,0.013273746706545353,0.01271719392389059,0.012278015725314617,0.01192005630582571,0.011589129455387592,0.011261649429798126,0.01092456839978695
K8s,0.5679628849029541,0.38617828488349915,0.29330387711524963,0.23781737685203552,0.20057210326194763,0.17358455061912537,0.15307292342185974,0.13701578974723816,0.12417769432067871,0.015221202746033669,0.015406028367578983,0.014507484622299671,0.013730703853070736,0.01316362340003252,0.012724747881293297,0.012335103936493397,0.011947301216423512,0.011549984104931355
K7s,0.5584606528282166,0.3757038414478302,0.28347206115722656,0.22886444628238678,0.19251514971256256,0.1663796603679657,0.14667657017707825,0.13132792711257935,0.11911962181329727,0.016915028914809227,0.016943426802754402,0.01581009291112423,0.014868372119963169,0.014181181788444519,0.013630210421979427,0.013123567216098309,0.012622063048183918,0.012114296667277813
K6s,0.5480640530586243,0.3647898733615875,0.27375853061676025,0.22052569687366486,0.18540994822978973,0.160324826836586,0.14150406420230865,0.12688055634498596,0.11525563895702362,0.01836468279361725,0.018023621290922165,0.01660020276904106,0.015521449968218803,0.014764094725251198,0.014160525053739548,0.013604346662759781,0.013051414862275124,0.012492857873439789
K5s,0.5383427739143372,0.3551017642021179,0.26544076204299927,0.21362319588661194,0.17973484098911285,0.15562686324119568,0.13755923509597778,0.12352099269628525,0.11234927922487259,0.019602607935667038,0.01885153166949749,0.017162488773465157,0.01595596969127655,0.015130214393138885,0.014486737549304962,0.013897997327148914,0.01331367902457714,0.01271975040435791
K4s,0.5288988947868347,0.3464081585407257,0.25849801301956177,0.2082398384809494,0.1755864918231964,0.15244896709918976,0.13514012098312378,0.12170279026031494,0.11100225895643234,0.019967950880527496,0.01880958490073681,0.016860907897353172,0.015492389909923077,0.01455859187990427,0.013834509998559952,0.013184863142669201,0.012550882063806057,0.011918632313609123
K3s,0.5207464098930359,0.33868396282196045,0.2523561716079712,0.2035996913909912,0.17216849327087402,0.14998947083950043,0.13340754806995392,0.12052620947360992,0.1102432981133461,0.019854528829455376,0.018442191183567047,0.01632467843592167,0.014835589565336704,0.013808250427246094,0.013010977767407894,0.01230908278375864,0.011641470715403557,0.01099115889519453
K2s,0.5124329924583435,0.3309033513069153,0.24627286195755005,0.1990986168384552,0.1689227670431137,0.1476842612028122,0.13179917633533478,0.11943121254444122,0.10952451080083847,0.019726520404219627,0.018069835379719734,0.015788907185196877,0.014183289371430874,0.013066635467112064,0.012205696664750576,0.011459010653197765,0.010763123631477356,0.010098790749907494
QAo,0.6350998282432556,0.4576650857925415,0.3575609624385834,0.2936098873615265,0.2483646720647812,0.21398648619651794,0.18656779825687408,0.16404938697814941,0.1452367603778839,0.00922350212931633,0.01043945737183094,0.010790650732815266,0.010846045799553394,0.010789673775434494,0.010684539563953876,0.010542216710746288,0.01037243939936161,0.010180159471929073
QKo,0.6043719053268433,0.4336162805557251,0.3415241539478302,0.2826943099498749,0.24031305313110352,0.2075260728597641,0.1811227798461914,0.15934514999389648,0.14116673171520233,0.010237141512334347,0.010330178774893284,0.01020234078168869,0.01011484581977129,0.010066403076052666,0.010028121992945671,0.00998009368777275,0.009915787726640701,0.009829745627939701
QQo,0.7963533997535706,0.6466677784919739,0.5324821472167969,0.4444395899772644,0.3759501278400421,0.3222384750843048,0.27979353070259094,0.24601155519485474,0.21895477175712585,0.002931348979473114,0.0026534628123044968,0.0027097431011497974,0.002841420006006956,0.002981127006933093,0.003105571959167719,0.0032121664844453335,0.0032990106847137213,0.0033653834834694862
QJs,0.5907416939735413,0.4303894639015198,0.3455235958099365,0.2908702492713928,0.2513744533061981,0.22102752327919006,0.1969485878944397,0.17745739221572876,0.16150149703025818,0.01188347302377224,0.011411946266889572,0.01112455502152443,0.011014374904334545,0.010966850444674492,0.010925333946943283,0.010867704637348652,0.010789806954562664,0.01069851778447628
QTs,0.5817427039146423,0.41851571202278137,0.3328731954097748,0.27836984395980835,0.23954114317893982,0.2101418375968933,0.18714343011379242,0.1687668263912201,0.15385645627975464,0.012970543466508389,0.012575477361679077,0.012241880409419537,0.012112668715417385,0.012065182439982891,0.012029219418764114,0.011963537894189358,0.011869478970766068,0.011751402169466019
Q9s,0.5622120499610901,0.39270201325416565,0.3056294620037079,0.2516684830188751,0.21413050591945648,0.18630899488925934,0.1649019867181778,0.14802707731723785,0.13447023928165436,0.014418341219425201,0.013698168098926544,0.012859610840678215,0.012310422956943512,0.01193879172205925,0.011640590615570545,0.011363580822944641,0.011092077009379864,0.01082134060561657
Q8s,0.5442215800285339,0.3703683018684387,0.283371239900589,0.23076365888118744,0.194911390542984,0.1687547117471695,0.1488649994134903,0.1333305537700653,0.12091917544603348,0.01600475236773491,0.014990693889558315,0.013766970485448837,0.012966474518179893,0.012451492249965668,0.012066518887877464,0.011724093928933144,0.011396316811442375,0.011075328104197979
Q7s,0.5252417922019958,0.34832963347435,0.262275367975235,0.21146175265312195,0.17749644815921783,0.15307846665382385,0.1347184032201767,0.12048120051622391,0.10917624086141586,0.01778475195169449,0.01632956974208355,0.01472446322441101,0.013743839226663113,0.013147501274943352,0.012715081684291363,0.0123391542583704,0.011976716108620167,0.01161379087716341
Q6s,0.5168463587760925,0.33970457315444946,0.25440895557403564,0.20444944500923157,0.171343594789505,0.14770810306072235,0.1300411969423294,0.11637642234563828,0.10553238540887833,0.019331911578774452,0.017527317628264427,0.015688449144363403,0.014586949720978737,0.013892724178731441,0.013358799740672112,0.012883945368230343,0.012422814965248108,0.011968842707574368
Q5s,0.5071517825126648,0.33032718300819397,0.24643613398075104,0.1979159563779831,0.16604948043823242,0.14339503645896912,0.12647494673728943,0.11338622123003006,0.10297660529613495,0.020557863637804985,0.018225129693746567,0.016125408932566643,0.014909804798662663,0.01415144745260477,0.013579055666923523,0.013073435984551907,0.012584472075104713,0.01210259273648262
Q4s,0.49763259291648865,0.32193589210510254,0.2397879809141159,0.19279006123542786,0.16214297711849213,0.14045552909374237,0.12427801638841629,0.1117665097117424,0.10180754959583282,0.0209201630204916,0.018122896552085876,0.015763580799102783,0.014393291436135769,0.013528009876608849,0.012875749729573727,0.012312577106058598,0.01178116537630558,0.011268557980656624
Q3s,0.4894382655620575,0.31439122557640076,0.23380978405475616,0.1882980912923813,0.15885616838932037,0.13810820877552032,0.12264041602611542,0.1106555163860321,0.10108217597007751,0.02080385945737362,0.01773681491613388,0.015206276439130306,0.013706688769161701,0.012746964581310749,0.012027946300804615,0.011416769586503506,0.010855568572878838,0.010330715216696262
Q2s,0.48107966780662537,0.30682477355003357,0.22793996334075928,0.18398824334144592,0.15578188002109528,0.1359599530696869,0.12116386741399765,0.10967979580163956,0.10047424584627151,0.020664621144533157,0.01734754629433155,0.014642197638750076,0.013018724508583546,0.011970103718340397,0.011192207224667072,0.01054240670055151,0.00996152963489294,0.009427190758287907
JAo,0.6253818869590759,0.4431699216365814,0.34091177582740784,0.27621346712112427,0.23103858530521393,0.19720155000686646,0.1706468015909195,0.14916430413722992,0.13149988651275635,0.010282761417329311,0.011865639127790928,0.012319146655499935,0.012386602349579334,0.012313983403146267,0.012166936881840229,0.011969457380473614,0.011730055324733257,0.011451823636889458
JKo,0.5944719910621643,0.4192686676979065,0.3252335488796234,0.26575809717178345,0.22356471419334412,0.19144457578659058,0.16600267589092255,0.1453724354505539,0.12842918932437897,0.011277987621724606,0.011691829189658165,0.01162738911807537,0.011533168144524097,0.01145433820784092,0.011384407989680767,0.011291425675153732,0.011165034025907516,0.011012749746441841
JQo,0.5691119432449341,0.4016966223716736,0.31397879123687744,0.2578049600124359,0.21732212603092194,0.1862768977880478,0.16170738637447357,0.14189060032367706,0.12575063109397888,0.01228477992117405,0.01184595376253128,0.011559960432350636,0.011457615531980991,0.011418459005653858,0.011382772587239742,0.011326012201607227,0.011245460249483585,0.01114925742149353
JJo,0.7715490460395813,0.6086956858634949,0.4886881411075592,0.3993397653102875,0.33223772048950195,0.2814159095287323,0.24255846440792084,0.21255628764629364,0.18919013440608978,0.003164096036925912,0.002976184943690896,0.0031050501856952906,0.0032985664438456297,0.003496216842904687,0.0036817239597439766,0.0038489585276693106,0.003994664642959833,0.0041162059642374516
JTs,0.5615676045417786,0.4068998098373413,0.3263658285140991,0.27411389350891113,0.2364066243171692,0.2077813744544983,0.18544414639472961,0.16769541800022125,0.1533583104610443,0.013730067759752274,0.012594386003911495,0.012224671430885792,0.012196209281682968,0.012240991927683353,0.012270973064005375,0.012258347123861313,0.012212304398417473,0.012147425673902035
J9s,0.5411261916160583,0.3810489773750305,0.2994095981121063,0.24783901870250702,0.2115127295255661,0.1845092475414276,0.16378843784332275,0.14753466844558716,0.13452103734016418,0.015507353469729424,0.013706520199775696,0.012757710181176662,0.012309354729950428,0.012041246518492699,0.01181921735405922,0.011604287661612034,0.011389513500034809,0.011181315407156944
J8s,0.5231609344482422,0.35916319489479065,0.27765586972236633,0.22738529741764069,0.19267165660858154,0.16726961731910706,0.14801742136478424,0.13303454220294952,0.12109190970659256,0.017037149518728256,0.014793065376579762,0.013452572748064995,0.012777811847627163,0.012384478002786636,0.012080986984074116,0.011802693828940392,0.011533915065228939,0.011281054466962814
J7s,0.5045390725135803,0.3375784158706665,0.2568809390068054,0.20828589797019958,0.1753397136926651,0.15155549347400665,0.13369157910346985,0.11985669285058975,0.10885290801525116,0.018707240000367165,0.01589709334075451,0.014144751243293285,0.01326518040150404,0.012757666409015656,0.012387024238705635,0.012060819193720818,0.011751340702176094,0.011455578729510307
J6s,0.48579126596450806,0.3168894648551941,0.23757530748844147,0.1909024864435196,0.159822478890419,0.13765625655651093,0.12114179134368896,0.1083904430270195,0.09826988726854324,0.020317886024713516,0.016867976635694504,0.01478051021695137,0.01379423774778843,0.013260616920888424,0.01287770550698042,0.012545648030936718,0.01222737692296505,0.011911232024431229
J5s,0.47821518778800964,0.3096292316913605,0.23113124072551727,0.1853795349597931,0.15517079830169678,0.13372406363487244,0.11777012050151825,0.10544160008430481,0.09564311802387238,0.021657807752490044,0.01773563027381897,0.015452621504664421,0.014357911422848701,0.013729417696595192,0.013262336142361164,0.012847915291786194,0.01245338749140501,0.012070834636688232
J4s,0.4686959385871887,0.30155128240585327,0.22477491199970245,0.18051517009735107,0.151492640376091,0.13099132478237152,0.11574368923902512,0.10395928472280502,0.09458040446043015,0.022026384249329567,0.017570892348885536,0.01503746211528778,0.013788529671728611,0.013058103621006012,0.012515932321548462,0.01205165684223175,0.011618363671004772,0.01120755448937416
J3s,0.4604690968990326,0.2941850423812866,0.218980073928833,0.17620094120502472,0.14839769899845123,0.1288047581911087,0.11423854529857635,0.10296253114938736,0.09394491463899612,0.021898265928030014,0.017165428027510643,0.014455102384090424,0.013077451847493649,0.012252910993993282,0.011650755070149899,0.011144277639687061,0.010686725378036499,0.010267200879752636
J2s,0.4520851671695709,0.286784291267395,0.213276207447052,0.17204323410987854,0.14546972513198853,0.12678386270999908,0.11286265403032303,0.10205774009227753,0.09338988363742828,0.021760163828730583,0.016756007447838783,0.013866238296031952,0.012366610579192638,0.011456622742116451,0.010797617956995964,0.01025739498436451,0.009783695451915264,0.00935779046267271
TAo,0.6157055497169495,0.429506778717041,0.3259572982788086,0.26122555136680603,0.21657897531986237,0.1835637241601944,0.15796329081058502,0.1374962478876114,0.12084401398897171,0.011536386795341969,0.013412668369710445,0.013863840140402317,0.013880254700779915,0.013768648728728294,0.013589870184659958,0.013354565016925335,0.013070267625153065,0.01273722667247057
TKo,0.5849951505661011,0.4061571955680847,0.3109795153141022,0.2514636218547821,0.20981548726558685,0.17854614555835724,0.15409716963768005,0.13453057408332825,0.11863497644662857,0.012448358349502087,0.013062403537333012,0.012977274134755135,0.012854952365159988,0.012760647572577,0.01268039084970951,0.012568340636789799,0.012414381839334965,0.012221467681229115
TQo,0.5595200657844543,0.3889487087726593,0.30025219917297363,0.24409304559230804,0.20420515537261963,0.17407923936843872,0.1505933552980423,0.1319183111190796,0.11686929315328598,0.013436252251267433,0.013079570606350899,0.012746082618832588,0.012624630704522133,0.01258833147585392,0.012561004608869553,0.012498435564339161,0.012402627617120743,0.012277919799089432
TJo,0.5382962822914124,0.3772438168525696,0.2942536473274231,0.24066604673862457,0.20209352672100067,0.17289769649505615,0.15022486448287964,0.13232450187206268,0.11799697577953339,0.014217500574886799,0.013064499944448471,0.0126985227689147,0.012690812349319458,0.012758956290781498,0.012804174795746803,0.012800166383385658,0.01275789923965931,0.012690703384578228
TTo,0.7466171979904175,0.5723778605461121,0.4485216736793518,0.3595941662788391,0.29512280225753784,0.24787715077400208,0.21286171674728394,0.18655386567115784,0.16653473675251007,0.0035156686790287495,0.003328859806060791,0.0034907858353108168,0.00374383176676929,0.004013518802821636,0.00427519204095006,0.004514060914516449,0.004725820384919643,0.004904353059828281
T9s,0.5237324237823486,0.37370726466178894,0.296692818403244,0.24690228700637817,0.21146215498447418,0.1851297914981842,0.16501934826374054,0.14927807450294495,0.13668926060199738,0.016514422371983528,0.013749131001532078,0.012829442508518696,0.012538906186819077,0.01238163374364376,0.012227783910930157,0.012062582187354565,0.01191086508333683,0.011768903583288193
T8s,0.5051248669624329,0.35200241208076477,0.2752726376056671,0.22683700919151306,0.19305764138698578,0.1683596521615982,0.1497056782245636,0.13521930575370789,0.12366431206464767,0.01825683005154133,0.014768716879189014,0.013435622677206993,0.012922065332531929,0.0126414205878973,0.012409632094204426,0.012191571295261383,0.011991335079073906,0.011809241957962513
T7s,0.4864775538444519,0.3307863473892212,0.254862517118454,0.2080279439687729,0.17595304548740387,0.15279607474803925,0.1354570835828781,0.12202923744916916,0.11134892702102661,0.019878674298524857,0.01568670943379402,0.013946459628641605,0.013247372582554817,0.012861206196248531,0.012566502206027508,0.01230065431445837,0.012064793147146702,0.01184332650154829
T6s,0.46802541613578796,0.31038710474967957,0.2356531023979187,0.19057391583919525,0.16021792590618134,0.13855291903018951,0.12241170555353165,0.10993057489395142,0.09997902810573578,0.021416453644633293,0.016481902450323105,0.014386113733053207,0.013550681993365288,0.013101446442306042,0.012762971222400665,0.012470445595681667,0.01220727525651455,0.01195785403251648
T5s,0.4493923485279083,0.2906959056854248,0.2177039086818695,0.1747317910194397,0.1462690383195877,0.1260991096496582,0.11111971735954285,0.0995246097445488,0.09025455266237259,0.022771678864955902,0.017099827527999878,0.01474805548787117,0.01384864654392004,0.013393224216997623,0.013075205497443676,0.012802954763174057,0.0125535037368536,0.01230582781136036
T4s,0.4420453906059265,0.28469908237457275,0.21270596981048584,0.1706785261631012,0.14301586151123047,0.12351278960704803,0.10904759913682938,0.09786460548639297,0.08892351388931274,0.023267285898327827,0.017159024253487587,0.014623155817389488,0.013566561043262482,0.012974406592547894,0.012532570399343967,0.012156895361840725,0.011817174963653088,0.011498870328068733
T3s,0.4338279068470001,0.2774892747402191,0.20706969499588013,0.16651804745197296,0.14004330337047577,0.12143032997846603,0.10761269927024841,0.0969051644206047,0.08829404413700104,0.02314458042383194,0.016737470403313637,0.014018988236784935,0.01283351145684719,0.012155525386333466,0.011654123663902283,0.011239097453653812,0.010881518945097923,0.010555253364145756
T2s,0.42544227838516235,0.2702547013759613,0.20153170824050903,0.16251681745052338,0.1372501254081726,0.1195216253399849,0.10633198916912079,0.09606669843196869,0.08778303861618042,0.022997677326202393,0.01630648970603943,0.01340519916266203,0.012091257609426975,0.01132754422724247,0.010780218057334423,0.010337959975004196,0.009966151788830757,0.009637881070375443
9Ao,0.5945077538490295,0.40066778659820557,0.29527047276496887,0.23107925057411194,0.18786880373954773,0.15662771463394165,0.13287967443466187,0.11424721032381058,0.09933333098888397,0.01322971098124981,0.01514113787561655,0.01520933024585247,0.014822743833065033,0.014373295940458775,0.013922430574893951,0.013462617062032223,0.012990850955247879,0.012489303015172482
9Ko,0.5640895366668701,0.37789952754974365,0.28091761469841003,0.22185035049915314,0.181504026055336,0.15187852084636688,0.12916341423988342,0.11126793920993805,0.09692405164241791,0.014045389369130135,0.014483917504549026,0.013896874152123928,0.01331893540918827,0.012865489348769188,0.012495860457420349,0.012151593342423439,0.011808415874838829,0.011450891382992268
9Qo,0.5386286973953247,0.361153244972229,0.27076393365859985,0.21504996716976166,0.17643997073173523,0.14793658256530762,0.12612667679786682,0.10905732214450836,0.0954788476228714,0.014988608658313751,0.014294871129095554,0.013429484330117702,0.0128696383908391,0.01249517872929573,0.012194356881082058,0.011910174041986465,0.011628033593297005,0.011343476362526417
9Jo,0.5164138674736023,0.34940364956855774,0.2650664150714874,0.21206653118133545,0.17487315833568573,0.14735561609268188,0.1263885200023651,0.11009230464696884,0.09720587730407715,0.016120130196213722,0.014266605488955975,0.01329001784324646,0.012844259850680828,0.012585630640387535,0.012368489056825638,0.01215232815593481,0.011932319030165672,0.011713567189872265
9To,0.49813908338546753,0.34219229221343994,0.26298439502716064,0.21201306581497192,0.17587287724018097,0.1491636037826538,0.12893588840961456,0.11328071355819702,0.10094800591468811,0.01716742292046547,0.014278845861554146,0.013339751400053501,0.013067297637462616,0.012927557341754436,0.012785471975803375,0.012624597176909447,0.012470964342355728,0.012323454953730106
99o,0.716686487197876,0.5327619910240173,0.4082332253456116,0.3226543068885803,0.2630116641521454,0.22084474563598633,0.19056709110736847,0.1684311181306839,0.15193644165992737,0.003914379049092531,0.003335803747177124,0.0032399646006524563,0.00328437564894557,0.00336994300596416,0.0034610184375196695,0.003546054009348154,0.0036182792391628027,0.003674315521493554
98s,0.48860931396484375,0.34536001086235046,0.2717370092868805,0.22421012818813324,0.19095690548419952,0.1667647659778595,0.1486251950263977,0.1345951408147812,0.12343452125787735,0.019441064447164536,0.014446087181568146,0.012907139025628567,0.012235884554684162,0.011747671291232109,0.011317760683596134,0.010950383730232716,0.01064314879477024,0.010399451479315758
97s,0.46986180543899536,0.32540205121040344,0.2531549334526062,0.20763753354549408,0.17643751204013824,0.15404731035232544,0.1373913586139679,0.12455179542303085,0.11431742459535599,0.021274562925100327,0.015282697975635529,0.01334679126739502,0.012504585087299347,0.011925537139177322,0.011446690186858177,0.011048280633985996,0.010721666738390923,0.010461497120559216
96s,0.45149877667427063,0.3055192530155182,0.2345331609249115,0.19081945717334747,0.16136334836483002,0.14047688245773315,0.12501539289951324,0.11310143768787384,0.10358382016420364,0.022773010656237602,0.015937529504299164,0.013662443496286869,0.012686382979154587,0.01204238273203373,0.011522320099174976,0.011096131056547165,0.010747152380645275,0.01046374998986721
95s,0.433138370513916,0.28597426414489746,0.21654319763183594,0.17478275299072266,0.14706362783908844,0.12753094732761383,0.11308394372463226,0.10192713141441345,0.09298808127641678,0.02408747188746929,0.016434738412499428,0.013882085680961609,0.012806071899831295,0.01211725827306509,0.011577722616493702,0.011145392432808876,0.010789956897497177,0.010495194233953953
94s,0.4140555262565613,0.2673456072807312,0.20001943409442902,0.16042082011699677,0.13450832664966583,0.11639168113470078,0.10303040593862534,0.09270700812339783,0.08441457152366638,0.024547096341848373,0.01627417281270027,0.013496986590325832,0.012320025824010372,0.011590884067118168,0.01104065217077732,0.010608840733766556,0.010252122767269611,0.009951998479664326
93s,0.4081079661846161,0.2621307969093323,0.1956506073474884,0.15696972608566284,0.1318439096212387,0.1143321841955185,0.10142231732606888,0.09143679589033127,0.08339232951402664,0.024571910500526428,0.01611163467168808,0.01319577544927597,0.011879274621605873,0.011028769426047802,0.010375017300248146,0.009854569099843502,0.009427917189896107,0.009074918925762177
92s,0.39972710609436035,0.2549978792667389,0.19023197889328003,0.15309271216392517,0.12914706766605377,0.11248861998319626,0.10017410665750504,0.0905962884426117,0.08285390585660934,0.024418411776423454,0.01565631479024887,0.012549728155136108,0.011111358180642128,0.010183596052229404,0.009484972804784775,0.008941435255110264,0.00850803405046463,0.008156637661159039
8Ao,0.5837799310684204,0.3875811994075775,0.2823285460472107,0.21884028613567352,0.17653055489063263,0.14621971547603607,0.12339624762535095,0.10567089170217514,0.09161689132452011,0.014979495666921139,0.016980133950710297,0.016866939142346382,0.016312213614583015,0.01572069153189659,0.015146379359066486,0.01456898357719183,0.01396967750042677,0.013346060179173946
8Ko,0.5443877577781677,0.35323867201805115,0.25622063875198364,0.198586568236351,0.16008299589157104,0.13232487440109253,0.11136303097009659,0.09508182108402252,0.082199826836586,0.015887446701526642,0.016164744272828102,0.015226863324642181,0.01441684365272522,0.013830944895744324,0.013378314673900604,0.012972216121852398,0.012564610689878464,0.01214283425360918
8Qo,0.5193639397621155,0.3371146321296692,0.2466672956943512,0.1922939419746399,0.1554287225008011,0.1286746710538864,0.10849542915821075,0.09288954734802246,0.08058765530586243,0.016691947355866432,0.015688283368945122,0.014416025020182133,0.013593743555247784,0.013070416636765003,0.0126804169267416,0.012328692711889744,0.011987492442131042,0.01164846308529377
8Jo,0.4971933364868164,0.32586872577667236,0.24152925610542297,0.1898142695426941,0.15428026020526886,0.1284475177526474,0.10905616730451584,0.09414403140544891,0.08244423568248749,0.01776372827589512,0.015440506860613823,0.014052546583116055,0.013371855020523071,0.012984144501388073,0.012684071436524391,0.01240201760083437,0.012124693021178246,0.011858037672936916
8To,0.4782259166240692,0.3188493847846985,0.2398035228252411,0.19017010927200317,0.15574580430984497,0.13075417280197144,0.11209160834550858,0.09780988842248917,0.0866301953792572,0.01903737336397171,0.015379550866782665,0.014006284065544605,0.013504096306860447,0.013239446096122265,0.013019022531807423,0.012802920304238796,0.012597844004631042,0.012405815534293652
89o,0.4607295095920563,0.3121505677700043,0.23656797409057617,0.18801136314868927,0.1542288064956665,0.12988418340682983,0.11186707764863968,0.09817254543304443,0.08751360327005386,0.020283246412873268,0.014994923025369644,0.013397065922617912,0.012722580693662167,0.012233871966600418,0.011797483079135418,0.01142177265137434,0.011103127151727676,0.010847842320799828
88o,0.6872012615203857,0.4960602819919586,0.37272128462791443,0.29147303104400635,0.23695793747901917,0.19965384900569916,0.17357571423053741,0.1548810750246048,0.14112702012062073,0.004454676061868668,0.003472348442301154,0.003246377222239971,0.0032449678983539343,0.003315695794299245,0.0034025339409708977,0.0034898885060101748,0.0035668022464960814,0.0036272346042096615
87s,0.45682454109191895,0.32282763719558716,0.25314170122146606,0.20845414698123932,0.17780902981758118,0.15591302514076233,0.13964492082595825,0.12709665298461914,0.11705366522073746,0.022524518892169,0.015049432404339314,0.013148411177098751,0.012310699559748173,0.01169359777122736,0.011194600723683834,0.010806096717715263,0.010512779466807842,0.010298497043550014
86s,0.4381932020187378,0.30389055609703064,0.23585329949855804,0.19330309331417084,0.16467542946338654,0.14445306360721588,0.12949822843074799,0.117933489382267,0.10864381492137909,0.02425236441195011,0.01563361845910549,0.013410329818725586,0.012447669170796871,0.011768377386033535,0.011237929575145245,0.010833010077476501,0.010533644817769527,0.010306701995432377
85s,0.4199351966381073,0.2847425639629364,0.21831820905208588,0.17776310443878174,0.15087175369262695,0.13199710845947266,0.1180439367890358,0.10722804069519043,0.0984957218170166,0.025544464588165283,0.016036532819271088,0.01354170124977827,0.01246652565896511,0.011732127517461777,0.011181720532476902,0.010767587460577488,0.010458842851221561,0.010220929980278015
84s,0.40103328227996826,0.26611411571502686,0.20158414542675018,0.16302144527435303,0.1377883404493332,0.12017561495304108,0.10716622322797775,0.09706278890371323,0.08888344466686249,0.0259905606508255,0.015799885615706444,0.013045896776020527,0.011828385293483734,0.011014711111783981,0.010417073033750057,0.009970713406801224,0.009636220522224903,0.009375732392072678
83s,0.38287046551704407,0.24812515079975128,0.18576008081436157,0.14934730529785156,0.12587343156337738,0.10958405584096909,0.09755145758390427,0.08816604316234589,0.08052524924278259,0.025905579328536987,0.015416332520544529,0.012497037649154663,0.01121348887681961,0.010386799462139606,0.009801306761801243,0.009371107444167137,0.009051602333784103,0.008800343610346317
82s,0.3768114745616913,0.24298660457134247,0.18160338699817657,0.14618445932865143,0.12348587065935135,0.1077628955245018,0.09612982720136642,0.08704015612602234,0.07961929589509964,0.02592739462852478,0.015216040425002575,0.01215111929923296,0.010734436102211475,0.009797515347599983,0.009122636169195175,0.00862159300595522,0.00824091024696827,0.007946689613163471
7Ao,0.5716713666915894,0.3738105595111847,0.2694060504436493,0.20726294815540314,0.16631478071212769,0.13723300397396088,0.11550838500261307,0.0987483412027359,0.08554799109697342,0.016716033220291138,0.0185342188924551,0.018124936148524284,0.017384154722094536,0.016686728224158287,0.01604139804840088,0.0153981177136302,0.014735197648406029,0.014042970724403858
7Ko,0.5341818332672119,0.34192079305648804,0.2455131858587265,0.1887655109167099,0.15119576454162598,0.12434655427932739,0.10425934940576553,0.08876645565032959,0.07659262418746948,0.017700646072626114,0.017800357192754745,0.01660545915365219,0.01561703346669674,0.014902816154062748,0.014330576173961163,0.013800645247101784,0.013271508738398552,0.012732023373246193
7Qo,0.4990628659725189,0.3134218454360962,0.2238684594631195,0.17134098708629608,0.1364673227071762,0.1115809977054596,0.09306015074253082,0.07889116555452347,0.067827507853508,0.01860974170267582,0.017132895067334175,0.015455652959644794,0.014445115812122822,0.013838489539921284,0.013400828465819359,0.013014747761189938,0.012636634521186352,0.012251385487616062
7Jo,0.4772719442844391,0.302651584148407,0.2190525084733963,0.16904959082603455,0.13537949323654175,0.11128173768520355,0.09340288490056992,0.07977063208818436,0.06914258003234863,0.019559316337108612,0.01663498766720295,0.014811095781624317,0.013918492011725903,0.01341482438147068,0.01304666418582201,0.01271545235067606,0.012395081110298634,0.012082204222679138
7To,0.4582863748073578,0.29604101181030273,0.21772898733615875,0.16971762478351593,0.13708120584487915,0.11374703794717789,0.09652121365070343,0.08342412114143372,0.0732426792383194,0.020783480256795883,0.01637554168701172,0.014574006199836731,0.01388122234493494,0.013510411605238914,0.013223656453192234,0.012957793660461903,0.01271485909819603,0.012481284327805042
79o,0.44068893790245056,0.2907050549983978,0.21646322309970856,0.16997309029102325,0.13835345208644867,0.1159372553229332,0.09954100847244263,0.0871686190366745,0.0775536373257637,0.02225583977997303,0.015901371836662292,0.013886990956962109,0.013038081116974354,0.012457393109798431,0.011972617357969284,0.011563596315681934,0.011223840527236462,0.010949702933430672
78o,0.42694091796875,0.28835931420326233,0.2169521301984787,0.17140443623065948,0.1404436081647873,0.11862350255250931,0.10272051393985748,0.09073268622159958,0.08140150457620621,0.023574845865368843,0.015617775730788708,0.01364304218441248,0.012799162417650223,0.012177413329482079,0.011670088395476341,0.011270680464804173,0.010967111214995384,0.010742428712546825
77o,0.6572752594947815,0.46111857891082764,0.3405618667602539,0.2644746005535126,0.2152760624885559,0.18260429799556732,0.16026464104652405,0.14447267353534698,0.13288234174251556,0.005099586211144924,0.0036224836949259043,0.003266784828156233,0.0032272618263959885,0.0032814329024404287,0.003366322023794055,0.0034541022032499313,0.003533304203301668,0.00359980552457273
76s,0.4283274710178375,0.3038005232810974,0.23746033012866974,0.19553594291210175,0.16743603348731995,0.14765197038650513,0.13300436735153198,0.1216307207942009,0.11242295801639557,0.02541969157755375,0.015352150425314903,0.013228707015514374,0.01224538404494524,0.011526086367666721,0.010983210057020187,0.010599292814731598,0.010334998369216919,0.010157589800655842
75s,0.4098365306854248,0.2855236530303955,0.2212108075618744,0.18161100149154663,0.15549522638320923,0.1372283697128296,0.1236942708492279,0.11313479393720627,0.1045205295085907,0.02695746161043644,0.015710318461060524,0.013313614763319492,0.012227569706737995,0.011461097747087479,0.01090796198695898,0.01052738819271326,0.010267447680234909,0.010092471726238728
74s,0.3910975754261017,0.26716768741607666,0.20477592945098877,0.1671823412179947,0.14271105825901031,0.12569916248321533,0.11310123652219772,0.1032453179359436,0.09518122673034668,0.027404330670833588,0.015434863045811653,0.012764738872647285,0.011520331725478172,0.010664029978215694,0.010055141523480415,0.00963553600013256,0.00934451911598444,0.009142306633293629
73s,0.37306323647499084,0.2490425407886505,0.18864262104034424,0.15306468307971954,0.13018426299095154,0.11433828622102737,0.10257574915885925,0.09334416687488556,0.08575118333101273,0.027317702770233154,0.01500194426625967,0.012113005854189396,0.010753038339316845,0.009839380159974098,0.009203130379319191,0.008771275170147419,0.008468152955174446,0.008257657289505005
72s,0.35438650846481323,0.231119766831398,0.17311705648899078,0.13977354764938354,0.11862051486968994,0.10402902960777283,0.09316251426935196,0.0845736712217331,0.07746820151805878,0.027160612866282463,0.014578328467905521,0.011538654565811157,0.010124675929546356,0.00921186525374651,0.008603223599493504,0.00820097140967846,0.007922067306935787,0.007724621333181858
6Ao,0.5587339997291565,0.3595602810382843,0.2565799951553345,0.19632598757743835,0.1571396440267563,0.1295798420906067,0.1091519296169281,0.09347065538167953,0.08115199208259583,0.018119052052497864,0.01955815777182579,0.018807122483849525,0.01790671981871128,0.01715845987200737,0.016504593193531036,0.0158634502440691,0.015193567611277103,0.014488710090517998
6Ko,0.5230205059051514,0.3301163613796234,0.23493103682994843,0.1796087622642517,0.14334778487682343,0.11763297021389008,0.09852351993322372,0.08384372293949127,0.0723314955830574,0.019263355061411858,0.018952643498778343,0.0174401868134737,0.01630222238600254,0.015512046404182911,0.014884444884955883,0.014302164316177368,0.013721146620810032,0.013129482977092266
6Qo,0.49004507064819336,0.3040718138217926,0.21525754034519196,0.16359829902648926,0.1296216994524002,0.10557716339826584,0.0878278985619545,0.07430803030729294,0.06377577036619186,0.020274722948670387,0.01841074787080288,0.01648036390542984,0.015339280478656292,0.014628268778324127,0.01408166904002428,0.013589166104793549,0.013105606660246849,0.012623900547623634
6Jo,0.45720282196998596,0.280393123626709,0.19817134737968445,0.15016435086727142,0.11847161501646042,0.0961243212223053,0.0797320231795311,0.06731627881526947,0.057692158967256546,0.02130628563463688,0.017692090943455696,0.015513939782977104,0.014511392451822758,0.013982483185827732,0.013602924533188343,0.013265525922179222,0.012934748083353043,0.012599827721714973
6To,0.43851780891418457,0.27406758069992065,0.19692017138004303,0.1507311314344406,0.11992240697145462,0.09820494055747986,0.0823049321770668,0.07027868181467056,0.06093677505850792,0.022449763491749763,0.01724596507847309,0.015069804154336452,0.014237345196306705,0.013804170303046703,0.013474768027663231,0.013181906193494797,0.012910250574350357,0.012646921910345554
69o,0.42103907465934753,0.26931050419807434,0.19630707800388336,0.15167902410030365,0.12191004306077957,0.10112199187278748,0.0860535278916359,0.074730284512043,0.06595166027545929,0.023879677057266235,0.0166236013174057,0.014255109243094921,0.013271070085465908,0.012626156210899353,0.012098811566829681,0.011660692282021046,0.011297502554953098,0.010997411794960499
68o,0.40699031949043274,0.26798853278160095,0.1982286125421524,0.15491093695163727,0.12609362602233887,0.10609171539545059,0.0916321724653244,0.08075498789548874,0.07228641211986542,0.02544659748673439,0.016262738034129143,0.013951022177934647,0.012981112115085125,0.012298624031245708,0.011759109795093536,0.01134403981268406,0.011033093556761742,0.010793901048600674
67o,0.3965684175491333,0.2682041823863983,0.2003350555896759,0.15772436559200287,0.12952448427677155,0.11003752052783966,0.09597048908472061,0.085360087454319,0.07704123854637146,0.02668544091284275,0.015930522233247757,0.013725390657782555,0.012732550501823425,0.01200457476079464,0.011452012695372105,0.011057903058826923,0.0107850581407547,0.010599848814308643
66o,0.6270212531089783,0.4281080663204193,0.31186580657958984,0.2416057288646698,0.19771741330623627,0.1693175584077835,0.15016941726207733,0.1366642862558365,0.1266852170228958,0.005839395336806774,0.003792501287534833,0.003305480582639575,0.003218465019017458,0.0032584085129201412,0.003338028211146593,0.0034283355344086885,0.003511088201776147,0.003580760443583131
65s,0.4034765958786011,0.28724175691604614,0.22395022213459015,0.1849161833524704,0.1592886745929718,0.14136604964733124,0.1280389428138733,0.11756520718336105,0.10897146910429001,0.027839481830596924,0.015421994961798191,0.013102920725941658,0.011965903453528881,0.011173964478075504,0.010631604120135307,0.010280787013471127,0.010068049654364586,0.009937851689755917
64s,0.38478586077690125,0.2698576748371124,0.20884250104427338,0.17209552228450775,0.14831304550170898,0.13176289200782776,0.11946291476488113,0.10974623262882233,0.10172154009342194,0.028523139655590057,0.015130327083170414,0.012542568147182465,0.011246802285313606,0.010369901545345783,0.00978105142712593,0.009398235939443111,0.009161305613815784,0.009017481468617916
63s,0.366864949464798,0.25194960832595825,0.19298379123210907,0.15825781226158142,0.1360618770122528,0.12069185823202133,0.1092270165681839,0.10013828426599503,0.09259616583585739,0.028477421030402184,0.014683709479868412,0.011850535869598389,0.010427982546389103,0.009483804926276207,0.008855720981955528,0.008452603593468666,0.008197419345378876,0.008039002306759357
62s,0.3483467698097229,0.2338838428258896,0.17710819840431213,0.14442723989486694,0.12379253655672073,0.10954214632511139,0.09886670112609863,0.0903429463505745,0.08323680609464645,0.02831704542040825,0.014208454638719559,0.01117627788335085,0.00965015310794115,0.00865801889449358,0.008014288730919361,0.007603940088301897,0.00734506594017148,0.007178984582424164
5Ao,0.5574108958244324,0.3611208498477936,0.2602291703224182,0.20107653737068176,0.1623784452676773,0.13494890928268433,0.11445112526416779,0.098599374294281,0.08606007695198059,0.019539352506399155,0.020796284079551697,0.01986859180033207,0.018883081153035164,0.01808471418917179,0.01739324815571308,0.016709282994270325,0.015993600711226463,0.01523938775062561
5Ko,0.5125686526298523,0.31963998079299927,0.22584930062294006,0.1720195859670639,0.13707074522972107,0.11242569237947464,0.0941564068198204,0.08014664053916931,0.0691598653793335,0.02061300352215767,0.019846543669700623,0.01804262213408947,0.016765037551522255,0.015901831910014153,0.015231193043291569,0.014614232815802097,0.013998886570334435,0.013370408676564693
5Qo,0.4796285033226013,0.2939353585243225,0.2065483033657074,0.156396746635437,0.12374303489923477,0.10077802836894989,0.08386106789112091,0.07099656760692596,0.060971204191446304,0.021610992029309273,0.01916496455669403,0.01694772206246853,0.01568194478750229,0.014901804737746716,0.014314700849354267,0.01378982700407505,0.01327676884829998,0.012765038758516312
5Jo,0.4490657150745392,0.2725158631801605,0.19109342992305756,0.14403490722179413,0.11326485872268677,0.09170953929424286,0.07594837993383408,0.0640287697315216,0.05479155108332634,0.02276040054857731,0.018628085032105446,0.016237350180745125,0.015118997544050217,0.014487795531749725,0.014016563072800636,0.013590111397206783,0.013176701962947845,0.012769695371389389
5To,0.4185698330402374,0.25288814306259155,0.17749877274036407,0.1335134655237198,0.10472483932971954,0.08464398980140686,0.07004592567682266,0.059035174548625946,0.050491515547037125,0.023934684693813324,0.017935736104846,0.015488631092011929,0.014593327417969704,0.014155840501189232,0.013849247246980667,0.013576331548392773,0.013317691162228584,0.013052389025688171
59o,0.40137290954589844,0.24827632308006287,0.17683516442775726,0.13424964249134064,0.10633975267410278,0.08704028278589249,0.07310730963945389,0.06265996396541595,0.0545664019882679,0.025320174172520638,0.01718571037054062,0.014525176957249641,0.013439496047794819,0.012749929912388325,0.012204724363982677,0.011760271154344082,0.011388762854039669,0.011074057780206203
58o,0.38744741678237915,0.2473839521408081,0.17925144731998444,0.1380224972963333,0.11107055842876434,0.0925469622015953,0.07921230047941208,0.06920226663351059,0.061399709433317184,0.02686065062880516,0.01672401838004589,0.0141290919855237,0.013045130297541618,0.01230720616877079,0.011747672222554684,0.011322274804115295,0.011000758036971092,0.010748055763542652
57o,0.37678954005241394,0.2485504150390625,0.18274588882923126,0.14258314669132233,0.11651019752025604,0.09868376702070236,0.08586464077234268,0.07618485391139984,0.0685625672340393,0.028364164754748344,0.016341159120202065,0.013852481730282307,0.012755009345710278,0.011981012299656868,0.011419253423810005,0.011028856039047241,0.010759666562080383,0.01057476457208395
56o,0.37014245986938477,0.2506539225578308,0.18595632910728455,0.14643099904060364,0.12091564387083054,0.10350047051906586,0.09094163030385971,0.08139942586421967,0.07383669167757034,0.02929975464940071,0.01600775122642517,0.013604589737951756,0.012449146248400211,0.011644929647445679,0.011090478859841824,0.010730518028140068,0.010511310771107674,0.010375751182436943
55o,0.5964181423187256,0.39649367332458496,0.2853758633136749,0.22099344432353973,0.18202327191829681,0.15730775892734528,0.1407613605260849,0.12904207408428192,0.12023108452558517,0.006842529866844416,0.004095372278243303,0.0034242598339915276,0.0032651752699166536,0.0032728761434555054,0.0033385141286998987,0.0034210579469799995,0.003500931663438678,0.0035706476774066687
54s,0.38531678915023804,0.27493250370025635,0.21413296461105347,0.1775905340909958,0.15391457080841064,0.1373802125453949,0.12496618926525116,0.11508787423372269,0.10685829073190689,0.029201345518231392,0.015281902626156807,0.012807400897145271,0.011562134139239788,0.01076025515794754,0.010256065987050533,0.009958344511687756,0.009795278310775757,0.009708494879305363
53s,0.36759310960769653,0.2579402029514313,0.1995464414358139,0.16527865827083588,0.1433693766593933,0.12812303006649017,0.11665180325508118,0.10746097564697266,0.09975028038024902,0.0293340552598238,0.014834696426987648,0.012114466167986393,0.010741612873971462,0.009878075681626797,0.00934489257633686,0.009032323025166988,0.008859853260219097,0.008765309117734432
52s,0.349289208650589,0.24009503424167633,0.18387584388256073,0.15164349973201752,0.13129834830760956,0.1171734631061554,0.10650330781936646,0.09789230674505234,0.09064076840877533,0.029186785221099854,0.01434598583728075,0.011403119191527367,0.009909876622259617,0.008979848586022854,0.008415937423706055,0.008083121851086617,0.007895375601947308,0.007785348687320948
4Ao,0.5473374128341675,0.3510594964027405,0.25188252329826355,0.19445021450519562,0.1571822166442871,0.13091488182544708,0.11133693903684616,0.09623156487941742,0.08429703861474991,0.019965186715126038,0.020843708887696266,0.01962401159107685,0.018452513962984085,0.017523907124996185,0.016735104843974113,0.015977492555975914,0.015201274305582047,0.014401008374989033
4Ko,0.5022709965705872,0.3100531995296478,0.21810822188854218,0.16595640778541565,0.13236425817012787,0.10881200432777405,0.09141059964895248,0.07809710502624512,0.06766235083341599,0.021032951772212982,0.01980682462453842,0.017713675275444984,0.016258159652352333,0.015277345664799213,0.014519792050123215,0.013837141916155815,0.013170444406569004,0.012502647005021572
4Qo,0.46927061676979065,0.2846921682357788,0.19913098216056824,0.15061260759830475,0.11929187923669815,0.09740984439849854,0.0813455805182457,0.06915254145860672,0.05965124070644379,0.022028174251317978,0.019062567502260208,0.01655765436589718,0.01512077171355486,0.014225487597286701,0.013550284318625927,0.012963934801518917,0.012405960820615292,0.01186252012848854
4Jo,0.43871963024139404,0.2636186480522156,0.18398891389369965,0.1385248452425003,0.10906042903661728,0.08856678754091263,0.0736176073551178,0.062334537506103516,0.053583189845085144,0.023184966295957565,0.018458137288689613,0.015791943296790123,0.01450258120894432,0.013760671950876713,0.013208151794970036,0.012728420086205006,0.012273749336600304,0.011837944388389587
4To,0.41056278347969055,0.24623502790927887,0.17185944318771362,0.12887805700302124,0.1009727343916893,0.08165647089481354,0.06766034662723541,0.05714068561792374,0.048989761620759964,0.02449095994234085,0.01800663024187088,0.015356664545834064,0.014288430102169514,0.01370215229690075,0.013260587118566036,0.012876107357442379,0.012521435506641865,0.012180821970105171
49o,0.380838543176651,0.22811287641525269,0.15884287655353546,0.11856167018413544,0.09262724220752716,0.07490801811218262,0.06221168488264084,0.05272776260972023,0.04539164900779724,0.025851305574178696,0.017042171210050583,0.014142573811113834,0.012949655763804913,0.012216546572744846,0.011658678762614727,0.011213288642466068,0.010839148424565792,0.010517269372940063
48o,0.3671082854270935,0.2272232323884964,0.16103900969028473,0.1219351589679718,0.09679470211267471,0.07968876510858536,0.06743773072957993,0.05826466903090477,0.05111931636929512,0.027379175648093224,0.016500240191817284,0.013629668392241001,0.01239355094730854,0.011571340262889862,0.010961617343127728,0.01050268579274416,0.010152794420719147,0.009875234216451645
47o,0.3566310405731201,0.22869127988815308,0.1648649424314499,0.1268460601568222,0.10257197171449661,0.08615466952323914,0.07441267371177673,0.06555768847465515,0.05859499052166939,0.02888202667236328,0.016078492626547813,0.013299879617989063,0.012034362182021141,0.011164517141878605,0.01054247934371233,0.010110359638929367,0.009807310998439789,0.009593247435986996
46o,0.3500230014324188,0.23183132708072662,0.16950178146362305,0.13241852819919586,0.10891378670930862,0.09303784370422363,0.08164939284324646,0.07298854738473892,0.06609886884689331,0.030074860900640488,0.015726624056696892,0.013037101365625858,0.011713827028870583,0.010819092392921448,0.010215614922344685,0.009822051972150803,0.009576448239386082,0.009423480369150639
45o,0.3507496118545532,0.2374841570854187,0.17538237571716309,0.13850778341293335,0.115115687251091,0.09926104545593262,0.08776871860027313,0.07895432412624359,0.07186030596494675,0.030795834958553314,0.01587618514895439,0.013307275250554085,0.012036830186843872,0.01121996995061636,0.010706297121942043,0.010401499457657337,0.01023357454687357,0.010141853243112564
44o,0.562565267086029,0.36348915100097656,0.2597774863243103,0.2029562145471573,0.16999396681785583,0.1495947539806366,0.13601605594158173,0.12629081308841705,0.11881205439567566,0.007657441310584545,0.004082806874066591,0.0031093782745301723,0.00277358153834939,0.002660574857145548,0.002636522753164172,0.0026477561332285404,0.0026695127598941326,0.0026893632020801306
43s,0.3572893738746643,0.24995826184749603,0.19265951216220856,0.1594761312007904,0.13839547336101532,0.12372146546840668,0.1126251071691513,0.10368862748146057,0.09614703804254532,0.029141832143068314,0.014306877739727497,0.011378983035683632,0.009863670915365219,0.008918873965740204,0.008338437415659428,0.00800145510584116,0.00781281664967537,0.007708323188126087
42s,0.3391501307487488,0.23294664919376373,0.1782480627298355,0.14739331603050232,0.12807980179786682,0.11466832458972931,0.10447157919406891,0.09619047492742538,0.08914195001125336,0.02910461090505123,0.013818351551890373,0.010673162527382374,0.009042001329362392,0.008041652850806713,0.00743861123919487,0.007092047482728958,0.006898778956383467,0.006790135521441698
3Ao,0.5385614037513733,0.34204646944999695,0.24427913129329681,0.18840323388576508,0.15247279405593872,0.1272781640291214,0.10855107754468918,0.09408393502235413,0.08264246582984924,0.019890733063220978,0.020481839776039124,0.01907079666852951,0.017759183421730995,0.016725733876228333,0.015851261094212532,0.015027502551674843,0.014207682572305202,0.013379132375121117
3Ko,0.4933747947216034,0.3015318512916565,0.21124571561813354,0.16071435809135437,0.12847384810447693,0.10599888116121292,0.08943004906177521,0.076756551861763,0.06680738180875778,0.02095050737261772,0.019426720216870308,0.017140809446573257,0.015550891868770123,0.014466299675405025,0.013628681190311909,0.012891735881567001,0.012189483270049095,0.011503401212394238
3Qo,0.46033069491386414,0.27636849880218506,0.19245809316635132,0.1455429643392563,0.11556326597929001,0.09473881125450134,0.0794847309589386,0.06790010631084442,0.05884932354092598,0.02194392867386341,0.018664680421352386,0.01596362516283989,0.014384132809937,0.013382731936872005,0.012635398656129837,0.011998041532933712,0.011409618891775608,0.010854100808501244
3Jo,0.42974039912223816,0.25547927618026733,0.177494615316391,0.13362574577331543,0.10550709068775177,0.08604296296834946,0.07187622040510178,0.06117750331759453,0.05285412818193436,0.02308797277510166,0.018039807677268982,0.015172400511801243,0.013740355148911476,0.012893893755972385,0.012274855747818947,0.01175028644502163,0.011269565671682358,0.010825175791978836
3To,0.40157395601272583,0.23825101554393768,0.16552238166332245,0.1241321936249733,0.09754254668951035,0.07923167198896408,0.06598696112632751,0.05602032318711281,0.04826151952147484,0.024401338770985603,0.017570966854691505,0.014714225195348263,0.013502556830644608,0.012819145806133747,0.012312755919992924,0.011886713095009327,0.011511661112308502,0.011163655668497086
39o,0.3743036687374115,0.22227223217487335,0.1538712978363037,0.11457601189613342,0.08952569216489792,0.07250406593084335,0.060343194752931595,0.05126843973994255,0.0442400686442852,0.0259151179343462,0.016885753720998764,0.013827349059283733,0.012478991411626339,0.011610940098762512,0.010939409025013447,0.010397279635071754,0.009947576560080051,0.00957021676003933
38o,0.3475365936756134,0.20771612226963043,0.14379934966564178,0.10700337588787079,0.08379868417978287,0.06816992163658142,0.05703683942556381,0.048705682158470154,0.04220367968082428,0.027339156717061996,0.016129277646541595,0.01307900995016098,0.011770790442824364,0.010931488126516342,0.010333055630326271,0.009889421053230762,0.009553925134241581,0.00928430538624525
37o,0.3372077941894531,0.20905150473117828,0.14730413258075714,0.1114530935883522,0.08893109858036041,0.07382646203041077,0.06304777413606644,0.054936766624450684,0.04854031652212143,0.028838802129030228,0.01565464586019516,0.012640129774808884,0.011251119896769524,0.010318980552256107,0.009667422622442245,0.00922109093517065,0.00890407245606184,0.008680048398673534
36o,0.33070793747901917,0.21242457628250122,0.152232825756073,0.11732157319784164,0.09556910395622253,0.08102089911699295,0.0705980733036995,0.06268183887004852,0.05636878311634064,0.030072977766394615,0.015287674032151699,0.012335117906332016,0.010876825079321861,0.009909107349812984,0.009263153187930584,0.008847407065331936,0.008581160567700863,0.008413140662014484
35o,0.3316621482372284,0.21907801926136017,0.159492626786232,0.12506626546382904,0.10362059623003006,0.08920898288488388,0.07879567891359329,0.07078280299901962,0.06430431455373764,0.03098672814667225,0.015435123816132545,0.012603377923369408,0.011197935789823532,0.010314462706446648,0.009767793118953705,0.00944541022181511,0.009265542961657047,0.009165922179818153
34o,0.3206839859485626,0.21058453619480133,0.15214361250400543,0.1188829317688942,0.09834007918834686,0.08457186818122864,0.07459317147731781,0.06688429415225983,0.060622576624155045,0.030789893120527267,0.014873717911541462,0.011818361468613148,0.010257246904075146,0.009285775944590569,0.008688203990459442,0.008340303786098957,0.008143752813339233,0.008033663965761662
33o,0.5284032225608826,0.33208543062210083,0.23689237236976624,0.18779687583446503,0.16050362586975098,0.14394253492355347,0.13284678757190704,0.12469609826803207,0.11821861565113068,0.008531305938959122,0.004099823534488678,0.0028090619016438723,0.002295158337801695,0.0020615255925804377,0.0019438196904957294,0.0018797985976561904,0.0018395553342998028,0.0018106881761923432
32s,0.3309102952480316,0.22503384947776794,0.17162644863128662,0.1419541835784912,0.12348849326372147,0.11064207553863525,0.10081703960895538,0.0927787721157074,0.08589974045753479,0.02891780622303486,0.013307541608810425,0.009926380589604378,0.008161910809576511,0.007089491467922926,0.006449226755648851,0.0060812984593212605,0.0058740186505019665,0.005759994965046644
2Ao,0.5294679999351501,0.3324713408946991,0.23599368333816528,0.1815529316663742,0.1468472182750702,0.12259567528963089,0.10459906607866287,0.09066982567310333,0.07963628321886063,0.01981533132493496,0.020132459700107574,0.018531175330281258,0.017083849757909775,0.015945006161928177,0.014989716000854969,0.014101100154221058,0.01323611568659544,0.012378543615341187
2Ko,0.4842730164527893,0.2929404079914093,0.20446781814098358,0.15566793084144592,0.12481891363859177,0.10340503603219986,0.08763206005096436,0.07554727792739868,0.06603540480136871,0.020867321640253067,0.01904705911874771,0.01657225377857685,0.014849123544991016,0.013665667735040188,0.012758799828588963,0.011974078603088856,0.011242005042731762,0.010542132891714573
2Qo,0.4511716067790985,0.26801368594169617,0.18590636551380157,0.1406881958246231,0.11207814514636993,0.09230300784111023,0.07781966030597687,0.06680726259946823,0.05818338319659233,0.02185090258717537,0.018267430365085602,0.015365386381745338,0.013646249659359455,0.012546926736831665,0.01173471286892891,0.011055359616875648,0.010444970801472664,0.009881594218313694
2Jo,0.42055121064186096,0.2472851276397705,0.17110291123390198,0.12891718745231628,0.10216226428747177,0.08372294902801514,0.07029546797275543,0.06014036759734154,0.05222392454743385,0.022995630279183388,0.01762326993048191,0.014549250714480877,0.012978353537619114,0.012037122622132301,0.011356260627508163,0.01079487707465887,0.010296297259628773,0.009845882654190063
2To,0.3924010396003723,0.23024648427963257,0.15932060778141022,0.11960460990667343,0.09435274451971054,0.07703854888677597,0.06451702862977982,0.05506296828389168,0.047682661563158035,0.024300791323184967,0.01713261567056179,0.014066098257899284,0.0127097861841321,0.011931422166526318,0.011372874490916729,0.010916094295680523,0.010526253841817379,0.010178552009165287
29o,0.36515989899635315,0.21440094709396362,0.14781425893306732,0.11020016670227051,0.0864531472325325,0.07039617002010345,0.0589175671339035,0.050318267196416855,0.043639473617076874,0.025805652141571045,0.01642090268433094,0.013146846555173397,0.011659137904644012,0.010705276392400265,0.009983211755752563,0.00941518135368824,0.008957987651228905,0.00858376082032919
28o,0.34088340401649475,0.2019808292388916,0.13908739387989044,0.10338222980499268,0.08104546368122101,0.06606946885585785,0.0554131381213665,0.04743659496307373,0.041199374943971634,0.027414564043283463,0.015941571444272995,0.012723295018076897,0.011263484135270119,0.010301774367690086,0.00960384402424097,0.009081484749913216,0.0086795249953866,0.008364955894649029
27o,0.31709393858909607,0.18965815007686615,0.1304248869419098,0.0969904288649559,0.07637225836515427,0.06267782300710678,0.05292496830224991,0.045566461980342865,0.03974325209856033,0.02873552031815052,0.015248746611177921,0.012065998278558254,0.010614768601953983,0.009681392461061478,0.009057334624230862,0.008639815263450146,0.008346903137862682,0.00813611876219511
26o,0.31075453758239746,0.19286984205245972,0.13499125838279724,0.10229308158159256,0.08227016031742096,0.06897930800914764,0.05946603789925575,0.052218902856111526,0.046428970992565155,0.02996767684817314,0.014829487539827824,0.011657691560685635,0.010084692388772964,0.00906349066644907,0.008400545455515385,0.007975964806973934,0.007704535964876413,0.007527096197009087
25o,0.3119482398033142,0.1997661143541336,0.1424766331911087,0.1102537140250206,0.0905432477593422,0.07739976048469543,0.06790816783905029,0.0605786070227623,0.05464572831988335,0.030898381024599075,0.014962263405323029,0.011887316592037678,0.010348333977162838,0.009392901323735714,0.008813450112938881,0.00846919510513544,0.008272617124021053,0.008155111223459244
24o,0.3011629581451416,0.19218197464942932,0.13649775087833405,0.10575183480978012,0.08716272562742233,0.07481306791305542,0.06585981696844101,0.05891022831201553,0.05322880670428276,0.03081812523305416,0.01439897995442152,0.011106519028544426,0.009418013505637646,0.008385095745325089,0.0077618202194571495,0.007402895484119654,0.0072003984823822975,0.007084953133016825
23o,0.2923945188522339,0.1836964339017868,0.12934693694114685,0.09984047710895538,0.08215741813182831,0.07042273879051208,0.06188330426812172,0.0552099347114563,0.049721069633960724,0.030630270019173622,0.013858246617019176,0.010310024954378605,0.008476363494992256,0.007363499607890844,0.0066987997852265835,0.006316552869975567,0.00609953748062253,0.005978729575872421
22o,0.49384623765945435,0.30235713720321655,0.2167137712240219,0.17539480328559875,0.1533801257610321,0.14011511206626892,0.13102631270885468,0.12408094108104706,0.11833534389734268,0.009483539499342442,0.004151312168687582,0.002524682553485036,0.0018304215045645833,0.001475149067118764,0.0012688892893493176,0.0011346435640007257,0.0010382231557741761,0.0009642670629546046
